{
    "title":"My Own Summer (Shove It)",
    "artist":"Deftones",
    "release_year": "1997",
    "album": "Around The Fur",
    "length":219,
    "charters": ["Harmonix", "LysiX"],
    "genres": ["Metal"],
    "preview_start_time": 0, 
    "icon_drums":"Drum",
    "icon_bass":"Bass",
    "icon_guitar":"Guitar",
    "icon_vocals":"Vocals",
    "diff":{
        "drums":3,
        "bass":3,
        "guitar":4,
        "vocals":2,
		"plastic_drums": 2,
		"plastic_bass": 4,
		"plastic_guitar": 2
    },
    "midi":"notes.mid",
    "stems":{
        "drums":"drums.ogg",
        "bass":"bass.ogg",
        "lead":"guitar.ogg",
        "vocals":"vocals.ogg",
        "backing":"backing.ogg"
    },
    "art":"cover.png"
}