{
    "title":"My Own Summer (Shove It)",
    "artist":"Deftones",
    "length":219,
    "charter": "Harmonix, LysiX",
    "sid":"Drum",
    "sib":"Bass",
    "sig":"Guitar",
    "siv":"Vocals",
    "diff":{
        "ds":3,
        "ba":3,
        "gr":4,
        "vl":2,
		  "plastic_drums": 2,
		  "plastic_bass": 4,
		  "plastic_guitar": 2
    },
    "midi":"notes.mid",
    "stems":{
        "drums":"drums.ogg",
        "bass":"bass.ogg",
        "lead":"guitar.ogg",
        "vocals":"vocals.ogg",
        "backing":"backing.ogg"
    },
    "art":"cover.png"
}