{
    "title":"Look Away",
    "artist":"Stars",
    "length":410,
    "sid":"Drum",
    "sib":"Bass",
    "sig":"Guitar",
    "siv":"Vocals",
    "diff":{
        "ds":3,
        "ba":1,
        "gr":2,
        "vl":2,
	"plastic_guitar": 3,
	"plastic_bass": 1,
	"plastic_drum": 4
    },
    "midi":"notes.mid",
    "stems":{
        "drums":"drums.ogg",
        "bass":"bass.ogg",
        "lead":"lead.ogg",
        "vocals":"vocals.ogg",
        "backing":"song.ogg"
    },
    "art":"cover.png"
}
