{
    "title":"Late Night Talking",
    "artist":"Harry Styles",
    "release_year": "2022",
    "source": "custom",
    "album": "Harry's House",
    "genres": [
        "Pop"
    ],
    "charters": [
        "Broque"
    ],
    "length":179,
    "sid": "Drum",
	"sib": "Bass",
	"sig": "Keyboard",
	"siv": "Vocals",
    "diff":{
        "drums":2,
        "bass":0,
        "guitar":1,
        "vocals":2
    },
    "midi":"Encore-LateNightTalking.mid",
    "art":"cover.png",
    "stems":{
        "backing":"Backing.ogg",
        "drums": "Drums.ogg",
        "bass": "Bass.ogg",
        "lead": "Guitar.ogg",
        "vocals": "Vocals.ogg"
    }
}