{
    "title":"Heat Abnormal",
    "artist":"Iyowa feat. Adachi Rei",
    "length":241,
    "sid":"Drum",
    "sib":"Bass",
    "sig":"Guitar",
    "siv":"Vocals",
    "diff":{
        "ds":4,
        "ba":3,
        "gr":6,
        "vl":5
    },
    "midi":"notes.mid",
    "stems":{
        "drums":"drums_cut.mp3",
        "bass":"bass_cut.mp3",
        "lead":"lead_cut.mp3",
        "vocals":"vocals_cut.mp3",
        "backing":"backing_cut.mp3"
    },
    "art":"album.jpg"
}