{   
	"title": "Laughing Baby Bubbling Remix",    
	"artist": "Marcel Plomp",    
	"preview_start_time": 122000,    
	"release_year": "2008",    
	"source": "",    
	"album": "",    
	"loading_phrase": "I spent 40 minutes on this.",    
	"genres": [    
		"Latin"    
	],    
	"charters": [
		"Equinox"
	],
	"length": 90,
	"icon_drums": "Drum",
	"icon_bass": "Bass",
	"icon_guitar": "Guitar",
	"icon_vocals": "Vocals",
	"diff": {
		"drums": 1,
		"bass": -1,
		"guitar": -1,
		"vocals": 2,
		"plastic_drums": 1,
		"plastic_bass": -1,
		"plastic_guitar": -1,
		"pitched_vocals": -1
	},
	"midi": "notes.mid",
	"art": "cover.png",
	"stems": {
		"drums": [
			"drums_1.ogg",
			"drums_2.ogg",
			"drums_3.ogg"
		],
		"bass": "bass.ogg",
		"lead": "lead.ogg",
		"vocals": "vocals.ogg",
		"backing": [
			"backing.ogg",
			"keys.ogg"
		]
	}
}