{   
	"title": "Freaky Friday (feat. Chris Brown)",    
	"artist": "Lil Dicky",    
	"preview_start_time": 90000,    
	"release_year": "2017",    
	"source": "",    
	"album": "Freaky Friday (Single)",    
	"loading_phrase": "I didn't chart bass for this because nobody would play it.",    
	"genres": [    
		"Hip-Hop"    
	],    
	"charters": [
		"Equinox"
	],
	"length": 226,
	"icon_drums": "Drum",
	"icon_bass": "Bass",
	"icon_guitar": "Guitar",
	"icon_vocals": "Vocals",
	"diff": {
		"drums": 4,
		"bass": -1,
		"guitar": 1,
		"vocals": 5,
		"plastic_drums": 3,
		"plastic_bass": -1,
		"plastic_guitar": 1,
		"pitched_vocals": -1
	},
	"midi": "notes.mid",
	"art": "cover.png",
	"stems": {
		"drums": [
			"drums_1.ogg",
			"drums_2.ogg",
			"drums_3.ogg"
		],
		"bass": "bass.ogg",
		"lead": "lead.ogg",
		"vocals": "vocals.ogg",
		"backing": [
			"backing.ogg",
			"keys.ogg"
		]
	}
}