{   
	"title": "Reckless Battery Burns",    
	"artist": "GHOST feat. Vane Lily",    
	"preview_start_time": 60000,    
	"release_year": "2022",    
    "album":"Reckless Battery Burns",  
	"loading_phrase": "If you ever die, what will your memory start looking like? That's the way it is, remember? STOMACH HOLES BURNING-",    
	"genres": [    
		"Electronic"    
	],    
	"charters": [
		"It's Only Connor"
	],
	"length": 328,
	"icon_drums": "Drum",
	"icon_bass": "Bass",
	"icon_guitar": "Guitar",
	"icon_vocals": "Vocals",
	"diff": {
		"drums": 4,
		"bass": 5,
		"guitar": 5,
		"vocals": 5
	},
	"midi": "notes.mid",
	"art": "cover.png",
	"stems": {
		"vocals": "vocals.ogg",
		"backing": [
			"backing.ogg",
			"countin.ogg"
		]
	}
}