{
    "title":"Isolation",
    "artist":"Nighthawk22",
    "album": "Darkmatter",
    "preview_start_time": 0, 
    "release_year": "2007",
    "length":205,
    "charters": ["LysiX"],
    "icon_drums":"Drum",
    "icon_bass":"Bass",
    "icon_guitar":"Guitar",
    "icon_vocals":"Vocals",
    "diff":{
        "drums":6,
        "bass":2,
        "guitar":6,
        "vocals":6
    },
    "midi":"notes.mid",
    "stems":{
        "backing":"song.ogg"
    },
    "art":"cover.png"
}