{
    "title":"Beach Life-In-Death",
    "artist":"Car Seat Headrest",
    "length":410,
    "sid":"Drum",
    "sib":"Bass",
    "sig":"Guitar",
    "siv":"Vocals",
    "diff":{
        "ds":4,
        "ba":0,
        "gr":3,
        "vl":3,
	"plastic_guitar": 4
    },
    "midi":"notes.mid",
    "stems":{
        "drums":"drums.ogg",
        "bass":"bass.ogg",
        "lead":"lead.ogg",
        "vocals":"vocals.ogg",
        "backing":"song.ogg"
    },
    "art":"cover.png"
}
