{
    "title":"The Falling Mysts",
    "artist":"Dimrain47",
    "album": "The Dimrain47 Collection",
    "preview_start_time": 0, 
    "release_year": "2012",
    "length":298,
    "charters": ["LysiX"],
    "icon_drums":"Drum",
    "icon_bass":"Bass",
    "icon_guitar":"Guitar",
    "icon_vocals":"Vocals",
    "diff":{
        "drums":5,
        "bass":1,
        "guitar":6,
        "vocals":4
    },
    "midi":"notes.mid",
    "stems":{
        "backing":"song.ogg"
    },
    "art":"cover.png"
}