{   
	"title": "Bison Charge",    
	"artist": "Umeboshi Chazuke",    
	"preview_start_time": 90000,    
	"release_year": "2017",    
	"source": "",    
	"album": "",    
	"loading_phrase": "This song is in OSU.",    
	"genres": [    
		"EDM"    
	],    
	"charters": [
		"Equinox"
	],
	"length": 112,
	"icon_drums": "Drum",
	"icon_bass": "Bass",
	"icon_guitar": "Guitar",
	"icon_vocals": "Vocals",
	"diff": {
		"drums": -1,
		"bass": -1,
		"guitar": 6,
		"vocals": -1,
		"plastic_drums": -1,
		"plastic_bass": -1,
		"plastic_guitar": 6,
		"pitched_vocals": -1
	},
	"midi": "notes.mid",
	"art": "cover.png",
	"stems": {
		"drums": [
			"drums_1.ogg",
			"drums_2.ogg",
			"drums_3.ogg"
		],
		"bass": "bass.ogg",
		"lead": "lead.ogg",
		"vocals": "vocals.ogg",
		"backing": [
			"backing.ogg",
			"keys.ogg"
		]
	}
}