{   
	"title": "AmEN!",    
	"artist": "Bring Me The Horizon, Lil Uzi Vert, Daryl Plumbo",    
	"preview_start_time": 64000,    
	"release_year": "2023",    
	"source": "custom",    
	"album": "POST HUMAN: NeX GEn",    
	"loading_phrase": "JUST LET ME SUFFER!!!",    
	"genres": [    
		"Metalcore"  
	],
	"charters": [
		"lunaa"
	],
	"length": 197,
	"icon_drums": "Drum",
	"icon_bass": "Bass",
	"icon_guitar": "Guitar",
	"icon_vocals": "Vocals",
	"diff": {
		"drums": 7,
		"bass": 5,
		"guitar": 6,
		"vocals": 5,
		"plastic_drums": -1,
		"plastic_bass": -1,
		"plastic_guitar": -1,
		"pitched_vocals": -1
	},
	"midi": "notes.mid",
	"art": "cover.png",
	"stems": {
		"drums": "drums.ogg"
		"bass": "bass.ogg",
		"lead": "lead.ogg",
		"vocals": "vocals.ogg",
		"backing": [
		]
	}
}ing.ogg",
		]
	}
}