{
    "title":"Beguiled",
    "artist":"Splashdown",
    "album": "Stars and Garters",
    "preview_start_time": 0, 
    "release_year": "1996",
    "loading_phrase": "Splashdown is the proto-Harmonix band. The members split off and formed the bands Freezepop and Anarchy Club after Splashdown disbanded in 2001.",    
	"genres": [    
		"Rock"    
	], 
    "length":113,
    "charters": ["LysiX"],
    "icon_drums":"Drum",
    "icon_bass":"Bass",
    "icon_guitar":"Guitar",
    "icon_vocals":"Vocals",
    "diff":{
        "drums":4,
        "bass":2,
        "guitar":5,
        "vocals":2,
        "plastic_drums": 4,
        "plastic_bass": 2,
        "plastic_guitar": 5,
        "pitched_vocals": 2
    },
    "midi":"notes.mid",
    "stems":{
        "drums":"drums.ogg",
        "bass":"bass.ogg",
        "lead":"guitar.ogg",
        "vocals":"vocals.ogg",
        "backing":"song.ogg"
    },
    "art":"cover.png"
}