{   
	"title": "Forever Young",    
	"artist": "David Guetta, Alphaville & Ava Max",    
	"preview_start_time": 33,    
	"release_year": "2024",    
	"source": "",    
	"album": "",    
	"loading_phrase": "Forever Young....",    
	"genres": [    
		"Electronic"    
	],    
	"charters": [
		"Jaydenz"	
	],
	"length": 157,
	"icon_drums": "Drum",
	"icon_bass": "Bass",
	"icon_guitar": "Guitar",
	"icon_vocals": "Vocals",
	"diff": {
		"drums": 1,
		"bass": 1,
		"guitar": 3,
		"vocals": 2,
		"plastic_drums": 1,
		"plastic_bass": 1,
		"plastic_guitar": 1,
		"pitched_vocals": 1
	},
	"midi": "FY.mid",
	"art": "cover.png",
	"stems": {
		"drums": [
			"drums.ogg"
		],
		"bass": "bass.ogg",
		"lead": "lead.ogg",
		"vocals": "vocals.ogg",
		"backing": [
			"backing.ogg"			
		]
	}
}