{   
	"title": "Kill",    
	"artist": "Trophy Eyes",    
	"preview_start_time": 110000,    
	"release_year": "2023",    
	"source": "",    
	"album": "Suicide and Sunshine",    
	"loading_phrase": "According to lead singer John Floreani - Some people use love as a weapon, and ‘Kill’ is about those people.",    
	"genres": [    
		"Pop Punk"    
	],    
	"charters": [
		"Equinox"
	],
	"length": 309,
	"icon_drums": "Drum",
	"icon_bass": "Bass",
	"icon_guitar": "Guitar",
	"icon_vocals": "Vocals",
	"diff": {
		"drums": 4,
		"bass": 2,
		"guitar": 2,
		"vocals": 2,
		"plastic_drums": 3,
		"plastic_bass": 2,
		"plastic_guitar": 2,
		"pitched_vocals": 2
	},
	"midi": "notes.mid",
	"art": "cover.png",
	"stems": {
		"drums": [
			"drums_1.ogg",
			"drums_2.ogg",
			"drums_3.ogg"
		],
		"bass": "bass.ogg",
		"lead": "lead.ogg",
		"vocals": "vocals.ogg",
		"backing": [
			"backing.ogg",
			"keys.ogg"
		]
	}
}