{
    "title":"Sky Base Zone (C64)",
    "artist":"SEGA (Yuzo Koshiro), Encore",
    "album": "Sonic the Hedgehog for C64",
    "release_year": "2021",
    "preview_start_time": 0,
    "length":91,
    "charters": ["LysiX"],
    "icon_drums":"Drum",
    "icon_bass":"Bass",
    "icon_guitar":"Guitar",
    "icon_vocals":"Vocals",
    "diff":{
        "drums":0,
        "bass":4,
        "guitar":5,
        "vocals":4
    },
    "midi":"notes.mid",
    "stems":{
        "bass":"bass.ogg",
        "lead":"guitar.ogg",
        "vocals":"vox.ogg",
        "backing":"song.ogg"
    },
    "art":"cover.png"
}