{
    "title":"Infernoplex",
    "artist":"Dimrain47",
    "album": "The Dimrain47 Collection",
    "preview_start_time": 0, 
    "release_year": "2006",
    "length":230,
    "charters": ["LysiX"],
    "icon_drums":"Drum",
    "icon_bass":"Bass",
    "icon_guitar":"Guitar",
    "icon_vocals":"Vocals",
    "diff":{
        "drums":6,
        "bass":5,
        "guitar":6,
        "vocals":4,
        "plastic_drums": 6,
        "plastic_bass": 5,
        "plastic_guitar": 6
    },
    "midi":"notes.mid",
    "stems":{
        "backing":"song.ogg"
    },
    "art":"cover.png"
}