{
    "title":"Because, It's Midnite",
    "artist":"Limozeen",
    "length":134,
    "charter": "Harmonix, Cameron44251",
    "sid":"Drum",
    "sib":"Bass",
    "sig":"Guitar",
    "siv":"Vocals",
    "diff":{
        "plastic_bass":3,
        "bass":3,
        "guitar":6,
        "plastic_guitar":6
    },
    "midi":"becauseitsmidnite.mid",
    "stems":{
        "drums":"drums.ogg",
        "bass":"bass.ogg",
        "lead":"lead.ogg",
        "vocals":"vocals.ogg",
        "backing":"backing.ogg"
    },
    "art":"album.png"
}