{
    "title":"Because, It's Midnite",
    "artist":"Limozeen",
    "length":134,
    "charter": "Harmonix, Cameron44251",
    "sid":"Drum",
    "sib":"Bass",
    "sig":"Guitar",
    "siv":"Vocals",
    "diff":{
        "ds":0,
        "ba":3,
        "gr":6,
        "vl":0
    },
    "midi":"becauseitsmidnite.mid",
    "stems":{
        "drums":"drums.ogg",
        "bass":"bass.ogg",
        "lead":"lead.ogg",
        "vocals":"vocals.ogg",
        "backing":"backing.ogg"
    },
    "art":"album.png"
}