{   
	"title": "not askin 4 much",    
	"artist": "Frizk",    
	"preview_start_time": 67200,    
	"release_year": "2024",
	"album": "not askin 4 much",    
	"loading_phrase": "im not askin for much but i want u",    
	"genres": [    
		"Chill"    
	],    
	"charters": [
		"tposejank"
	],
	"length": 132,
	"icon_drums": "Drum",
	"icon_bass": "Bass",
	"icon_guitar": "Guitar",
	"icon_vocals": "Vocals",
	"diff": {
		"drums": 4,
		"bass": 1,
		"guitar": 4,
		"vocals": 1,
		"plastic_drums": 4,
		"plastic_bass": 1,
		"plastic_guitar": 4
	},
	"midi": "notes.mid",
	"art": "cover.png",
	"stems": {
		"backing": "frizk.ogg"
	}
}