{
    "title":"愛して愛して愛して (Aishite)",
    "artist":"Kikuo (feat. Hatsune Miku)",
    "album": "きくお",
    "release_year": "2013",
    "genres": [
        "Vocaloid"
    ],
    "charters": [
        "tposejank"
    ],
    "length":253,
    "sid":"Drum",
    "sib":"Bass",
    "sig":"Guitar",
    "siv":"Vocals",
    "diff":{
        "drums":5,
        "bass":3,
        "guitar":6,
        "vocals":2,
        "plastic_drums": 5,
        "plastic_bass": 3,
        "plastic_guitar": 6,
        "pitched_vocals": -1
    },
    "midi":"AISHITE.mid",
    "stems":{
        "backing":"Inst.ogg"
    },
    "art":"cover.jpg"
}