{   
	"title": "Okaasan",    
	"artist": "Machigerita-P",    
	"preview_start_time": 50100,    
	"release_year": "2008",    
    "album":"Okaasan",  
	"loading_phrase": "No, my mother cannot twist her neck around.",    
	"genres": [    
		"EBM",
		"Experimental"    
	],    
	"charters": [
		"It's Only Connor"
	],
	"length": 161,
	"icon_drums": "Drum",
	"icon_bass": "Bass",
	"icon_guitar": "Guitar",
	"icon_vocals": "Vocals",
	"diff": {
		"drums": 3,
		"bass": 3,
		"guitar": 4,
		"vocals": 4,
		"plastic_drums": -1,
		"plastic_bass": -1,
		"plastic_guitar": -1,
		"pitched_vocals": -1
	},
	"midi": "okaasan.mid",
	"art": "cover.png",
	"stems": {
		"vocals": "vocals.ogg",
		"lead": "lead.ogg",
		"bass": "bass.ogg",
		"drums": "drums.ogg",
		"backing": "count in.ogg"
	}
}