{   
	"title": "Infinite",
	"artist": "Tyler Smith & Andy Bane",    
	"preview_start_time": 15373,    
	"release_year": "2018",      
	"album": "Sonic Forces Vocal Traxx On The Edge",    
	"loading_phrase": "Peak Soundtrack.",
	"genres": [
		"Rock"    
	],
	"charters": [
		"tposejank"
	],
	"length": 277,
	"icon_drums": "Drum",
	"icon_bass": "Bass",
	"icon_guitar": "Guitar",
	"icon_vocals": "Vocals",
	"diff": {
		"drums": 6,
		"bass": 2,
		"guitar": 6,
		"vocals": 3,
		"plastic_drums": 6,
		"plastic_bass": 2,
		"plastic_guitar": 6,
		"pitched_vocals": -1
	},
	"midi": "INFINITE.mid",
	"art": "cover.png",
	"stems": {
		"backing": "backing.ogg"
	}
}