{
    "title": "3's & 7's",
    "artist": "Queens of the Stone Age",
    "preview_start_time": 92200,
    "release_year": "2007",
    "source": "rb2dlc",
    "album": "Era Vulgaris",
	"loading_phrase": "A classic from one of the most well known Guitar Hero games",
    "genres": [
        "Alternative"
    ],
    "charters": [
        "3drosalia, Harmonix"
    ],
    "length": 217,
    "icon_drums": "Drum",
    "icon_bass": "Bass",
    "icon_guitar": "Guitar",
    "icon_vocals": "Vocals",
    "diff": {
        "drums": 4,
        "bass": 3,
        "guitar": 3,
        "vocals": 1,
        "plastic_drums": 4,
        "plastic_bass": 3,
        "plastic_guitar": 3,
        "pitched_vocals": 1
    },
    "midi": "notes.mid",
    "art": "album.png",
    "stems": {
        "drums": "drums.opus",
        "bass": "rhythm.opus",
        "lead": "guitar.opus",
        "vocals": "vocals.opus",
        "backing": "song.opus"
    }
}