{
    "title":"Stardust Speedway Zone (Past)",
    "artist":"SEGA",
    "length":160,
    "album": "Sonic CD",
    "preview_start_time": 0,
    "release_year": "1993",
    "charters": ["LysiX"],
    "icon_drums":"Drum",
    "icon_bass":"Bass",
    "icon_guitar":"Guitar",
    "icon_vocals":"Vocals",
    "diff":{
        "drums":4,
        "bass":5,
        "guitar":6,
        "vocals":3,
        "plastic_drums": 5,
        "plastic_bass": 5,
        "plastic_guitar": 6
    },
    "midi":"notes.mid",
    "stems":{
        "drums":"drums.ogg",
        "bass":"bass.ogg",
        "lead":"guitar.ogg",
        "vocals":"vocals.ogg",
        "backing":"backing.ogg"
    },
    "art":"cover.png"
}