{
    "title":"Stardust Speedway Zone (Past)",
    "artist":"SEGA",
    "length":160,
    "charter": "LysiX",
    "sid":"Drum",
    "sib":"Bass",
    "sig":"Guitar",
    "siv":"Vocals",
    "diff":{
        "ds":4,
        "ba":5,
        "gr":6,
        "vl":3,
        "plastic_drums": 5,
        "plastic_bass": 5,
        "plastic_guitar": 6
    },
    "midi":"notes.mid",
    "stems":{
        "drums":"drums.ogg",
        "bass":"bass.ogg",
        "lead":"guitar.ogg",
        "vocals":"vocals.ogg",
        "backing":"backing.ogg"
    },
    "art":"cover.png"
}