{
    "title":"Mucka Blucka",
    "artist":"Tally Hall",
    "length":410,
    "sid":"Drum",
    "sib":"Bass",
    "sig":"Guitar",
    "siv":"Vocals",
    "diff":{
        "ds":4,
        "ba":0,
        "gr":2,
        "vl":3,
	"plastic_drums": 4,
	"plastic_guitar": 4
    },
    "midi":"notes.mid",
    "stems":{
        "drums":"drums.ogg",
        "bass":"bass.ogg",
        "lead":"lead.ogg",
        "vocals":"vocals.ogg",
        "backing":"song.ogg"
    },
    "art":"cover.png"
}
