{
    "title":"Godzilla",
    "artist":"Eminem, Juice WRLD",
    "album": "Music to Be Murdered By",
    "release_year": "2020",
    "preview_start_time": 0,
    "charters": ["Equinox"],
    "length":220,
    "icon_drums":"Drum",
    "icon_bass":"Bass",
    "icon_guitar":"Guitar",
    "icon_vocals":"Vocals",
    "diff":{
        "drums":3,
        "bass":1,
        "guitar":2,
        "vocals":6
    },
    "midi":"Godzilla.mid",
    "stems":{
        "drums":"drums.ogg",
        "bass":"bass.ogg",
        "lead":"lead.ogg",
        "vocals":"vocals.ogg",
        "backing":"backing.ogg"
    },
    "art":"cover.png"
}