{   
	"title": "wonder if you care",    
	"artist": "flyingfish",    
	"preview_start_time": 0,    
	"release_year": "2023",
	"album": "isolation", 
	"genres": [    
		"idk"    
	],    
	"charters": [
		"tposejank"
	],
	"length": 132,
	"icon_drums": "Drum",
	"icon_bass": "Bass",
	"icon_guitar": "Guitar",
	"icon_vocals": "Vocals",
	"diff": {
		"drums": 4,
		"bass": 0,
		"guitar": 5,
		"vocals": 3,
		"plastic_drums": 4,
		"plastic_bass": 0,
		"plastic_guitar": 5
	},
    "midi":"wonderifyoucar.mid",
    "stems":{
        "backing":"wonder if you care - flyingfish.ogg"
    },
    "art":"wonderifyoucare.png"
}