{   
	"title": "Teardrinker",    
	"artist": "Mastodon",    
	"preview_start_time": 110000,    
	"release_year": "2021",    
	"source": "",    
	"album": "Hushed and Grim",    
	"loading_phrase": "Mastodons drummer Brann Dailor sings all parts on this song other than the bridge and prechorus.",    
	"genres": [    
		"Metal"    
	],    
	"charters": [
		"Equinox"
	],
	"length": 323,
	"icon_drums": "Drum",
	"icon_bass": "Bass",
	"icon_guitar": "Guitar",
	"icon_vocals": "Vocals",
	"diff": {
		"drums": 4,
		"bass": 2,
		"guitar": 5,
		"vocals": 1,
		"plastic_drums": 3,
		"plastic_bass": 2,
		"plastic_guitar": 5,
		"pitched_vocals": -1
	},
	"midi": "notes.mid",
	"art": "cover.png",
	"stems": {
		"drums": [
			"drums_1.ogg",
			"drums_2.ogg",
			"drums_3.ogg"
		],
		"bass": "bass.ogg",
		"lead": "lead.ogg",
		"vocals": "vocals.ogg",
		"backing": [
			"backing.ogg",
			"keys.ogg"
		]
	}
}