{
    "title":"Bring it On (Rock Ver.)",
    "artist":"NyxTheShield",
    "album": "Glitchtale OST",
    "preview_start_time": 0, 
    "release_year": "2018",
    "loading_phrase": "*In the room you find old plastic instruments connected to a game console.                                                                                                                                                                                                                                                                                                                                                                                                                                                                                               *The awesome music you play along to fills you with determination.",    
	"genres": [    
		"Rock"    
	], 
    "length":113,
    "charters": ["LysiX"],
    "icon_drums":"Drum",
    "icon_bass":"Bass",
    "icon_guitar":"Guitar",
    "icon_vocals":"Vocals",
    "diff":{
        "drums":5,
        "bass":3,
        "guitar":4,
        "vocals":4,
        "plastic_drums": 4,
        "plastic_bass": 3,
        "plastic_guitar": 5
    },
    "midi":"notes.mid",
    "stems":{
        "drums":"drums.ogg",
        "bass":"bass.ogg",
        "lead":"guitar.ogg",
        "vocals":"rhythm.ogg",
        "backing":"song.ogg"
    },
    "art":"cover.png"
}