{   
	"title": "uh oh",    
	"artist": "Tate McRae",    
	"preview_start_time": 45000,    
	"video_start_time": 2350,
	"release_year": "2022",    
	"source": "custom",    
	"album": "Single",    
	"loading_phrase": "Uh-oh, I couldn't help myself",    
	"genres": [    
		"Pop"    
	],    
	"charters": [
		"Jaydenz"	
	],
	"length": 192,
	"icon_drums": "Drum",
	"icon_bass": "Bass",
	"icon_guitar": "Guitar",
	"icon_vocals": "Vocals",
	"diff": {
		"guitar": 2,
		"vocals": 4
	},
	"midi": "uhoh.mid",
	"art": "cover.png",
	"stems": {
		"drums": [
			"drums.ogg"
		],
		"bass": "bass.ogg",
		"lead": "lead.ogg",
		"vocals": "vocals.ogg",
		"backing": [
			"backing.ogg"			
		]
	}
}