{   
	"title": "Bergentrückung + ASGORE",    
	"artist": "Toby Fox",    
	"preview_start_time": 0,    
	"release_year": "2015",
	"album": "UNDERTALE", 
	"genres": [    
		"8-Bit"    
	],    
	"charters": [
		"tposejank"
	],
	"length": 132,
	"icon_drums": "Drum",
	"icon_bass": "Bass",
	"icon_guitar": "Guitar",
	"icon_vocals": "Vocals",
	"diff": {
		"drums": 4,
		"bass": 6,
		"guitar": 6,
		"vocals": 1,
		"plastic_drums": 4,
		"plastic_bass": 1,
		"plastic_guitar": 6
	},
    "midi":"ASGORE.mid",
    "stems":{
        "backing":"asgore.ogg"
    },
    "art":"undertalesoundtrack.png"
}