{
    "title": "Krush",
    "artist": "Pierre Blanche",
    "preview_start_time": 80246,
    "release_year": "2024",
    "source": "custom",
    "album": "DJMAX - V Liberty 2",
    "loading_phrase": "Woah it's an encore in here!",
    "genres": [
        "Psy Hardcore"
    ],
    "charters": [
        "Eezku",
        "Rob908"
    ],
    "length": 133,
    "icon_drums": "Drum",
    "icon_bass": "Bass",
    "icon_guitar": "Guitar",
    "icon_vocals": "Vocals",
    "diff": {
        "drums": 5,
        "bass": 2,
        "guitar": 6,
        "vocals": 2,
        "plastic_drums": 5,
        "plastic_bass": 1,
        "plastic_guitar": 6
    },
    "midi": "notes.mid",
    "art": "cover.jpg",
    "stems": {
        "drums": "drums.ogg",
        "bass": "bass.ogg",
        "lead": "lead.ogg",
        "vocals": "vocals.ogg",
        "backing": "song.ogg"
    }
}