{   
	"title": "I'm Afraid",    
	"artist": "Sik World",    
	"preview_start_time": 110000,    
	"release_year": "2022",    
	"source": "rb3dlc",    
	"album": "Disconnected",    
	"loading_phrase": "If you aint playing on vocals, what are you doing here?",    
	"genres": [    
		"Lyrical Rap"    
	],    
	"charters": [
		"Equinox"
	],
	"length": 212,
	"icon_drums": "Drum",
	"icon_bass": "Bass",
	"icon_guitar": "Guitar",
	"icon_vocals": "Vocals",
	"diff": {
		"drums": 3,
		"bass": 0,
		"guitar": 1,
		"vocals": 5,
		"plastic_drums": 2,
		"plastic_bass": 0,
		"plastic_guitar": 1,
		"pitched_vocals": -1
	},
	"midi": "notes.mid",
	"art": "cover.png",
	"stems": {
		"drums": [
			"drums_1.ogg",
			"drums_2.ogg",
			"drums_3.ogg"
		],
		"bass": "bass.ogg",
		"lead": "lead.ogg",
		"vocals": "vocals.ogg",
		"backing": [
			"backing.ogg",
			"keys.ogg"
		]
	}
}