{   
	"title": "Alright",
	"artist": "Kendrick Lamar",    
	"preview_start_time": 124363,    
	"release_year": "2015",      
	"album": "To Pimp a Butterfly",    
	"loading_phrase": "You could live at the mall.",
	"genres": [
		"Hip Hop"    
	],
	"charters": [
		"tposejank"
	],
	"length": 198,
	"icon_drums": "Drum",
	"icon_bass": "Bass",
	"icon_guitar": "Guitar",
	"icon_vocals": "Vocals",
	"diff": {
		"drums": 3,
		"bass": 1,
		"guitar": 3,
		"vocals": 6,
		"plastic_drums": 3,
		"plastic_bass": 1,
		"plastic_guitar": 3,
		"pitched_vocals": -1
	},
	"midi": "alright.mid",
	"art": "alright.png",
	"stems": {
		"backing": "alright.ogg"
	}
}