{   
	"title": "Jade (prod. KBL)",    
	"artist": "4cf",    
	"preview_start_time": 60,    
	"release_year": "2021",        
	"album": "Single",    
	"loading_phrase": "yippee",    
	"genres": [    
		"Pop",
		"Hyperpop"    
	],    
	"charters": [
		"exghts"
	],
	"length": 181,
	"icon_drums": "Drum",
	"icon_bass": "Bass",
	"icon_guitar": "Guitar",
	"icon_vocals": "Vocals",
	"diff": {
		"drums": 5,
		"bass": 1,
		"guitar": 3,
		"vocals": 5
	},
	"midi": "notes.mid",
	"art": "cover.png",
	"stems": {
		"drums": "drums.ogg",
		"bass": "bass.ogg",
		"lead": "lead.ogg",
		"vocals": "vocals.ogg"
	}
}