{
    "title":"The Search (April Fools 2024)",
    "artist":"Shady (NF)",
    "length":205,
    "preview_start_time": 0,
    "release_year": "2024",    
    "album":"The Search.",  
    "icon_drums": "Drum",
	"icon_bass": "Bass",
	"icon_guitar": "Guitar",
	"icon_vocals": "Vocals",
    "loading_phrase": "NF fanclub only.",    
    "genres": [    
		"Rap",
        "Meme" 
	],    
	"charters": [
		"Shady"
	],
    "diff":{
        "drums": 4,
		"bass": 2,
		"guitar": 2,
		"vocals": 6,
		"plastic_drums": -1,
		"plastic_bass": -1,
		"plastic_guitar": -1,
		"pitched_vocals": -1
    },
    "midi":"thesearch.mid",
    "stems":{
        "backing":"backing.ogg"
    },
    "art":"cover.png"
}