{
    "title":"Chiasm",
    "artist":"Chaotrope",
    "length":190,
    "charter": "Chaotrope, LysiX",
    "sid":"Drum",
    "sib":"Bass",
    "sig":"Guitar",
    "siv":"Vocals",
    "diff":{
        "ds":6,
        "ba":6,
        "gr":6,
        "vl":6,
		  "plastic_drums": 6,
		  "plastic_bass": 6,
		  "plastic_guitar": 6
    },
    "midi":"notes.mid",
    "stems":{
        "drums":"drums.ogg",
        "bass":"bass.ogg",
        "lead":"guitar.ogg",
        "vocals":"vocals.ogg",
        "backing":"song.ogg"
    },
    "art":"cover.png"
}