{
    "title":"Chiasm",
    "artist":"Chaotrope",
    "length":190,
    "charters": ["Chaotrope", "LysiX"],
    "release_year": "2018",
    "album":"The Turning Point",
    "icon_drums":"Drum",
    "icon_bass":"Bass",
    "icon_guitar":"Guitar",
    "icon_vocals":"Vocals",
    "diff":{
        "drums":6,
        "bass":6,
        "guitar":6,
        "vocals":6,
		  "plastic_drums": 6,
		  "plastic_bass": 6,
		  "plastic_guitar": 6
    },
    "midi":"notes.mid",
    "stems":{
        "drums":"drums.ogg",
        "bass":"bass.ogg",
        "lead":"guitar.ogg",
        "vocals":"vocals.ogg",
        "backing":"song.ogg"
    },
    "art":"cover.png"
}