{
    "title":"I Keep Forgettin' (Every Time You're Near)",
    "artist":"Michael McDonald",
    "release_year": "1982",
    "source": "custom",
    "album": "If That's What It Takes",
    "genres": [
        "R&B",
        "Soul"
    ],
    "charters": [
        "Broque"
    ],
    "length":226,
    "icon_drums": "Drum",
	"icon_bass": "Bass",
	"icon_guitar": "Guitar",
	"icon_vocals": "Vocals",
    "diff":{
        "drums":3,
        "bass":3,
        "guitar":3,
        "vocals":2
    },
    "midi":"Encore-IKeepForgettin.mid",
    "art":"cover.png",
    "stems":{
        "backing":"Backing.ogg"
    }
}