{
    "title":"Die In a Fire",
    "artist":"The Living Tombstone",
    "album": "Internet Childhood",
    "release_year": "2012",
    "preview_start_time": 0,
    "charters": ["Equinox"],
    "length":189,
    "icon_drums":"Drum",
    "icon_bass":"Bass",
    "icon_guitar":"Guitar",
    "icon_vocals":"Vocals",
    "diff":{
        "drums":3,
        "bass":2,
        "guitar":3,
        "vocals":2
    },
    "midi":"Fnaf3.mid",
    "stems":{
        "drums":"drums.ogg",
        "bass":"bass.ogg",
        "lead":"lead.ogg",
        "vocals":"vocals.ogg",
        "backing":"backing.ogg"
    },
    "art":"cover.png"
}